/flora/pelen/index.{html} /flora/pelen/
/locations/karshana/index.{html} /locations/karshana/
/private/cosmology-old/death/index.{html} /private/cosmology-old/death/
/private/factions-old/mora/index.{html} /private/factions-old/mora/
/writing/every-force-of-nature/index.{html} /writing/every-force-of-nature/
/writing/the-mind-controls/index.{html} /writing/the-mind-controls/
/flora/asaran/index.{html} /flora/asaran/
/flora/nyuta/index.{html} /flora/nyuta/
/groups/morellic/sarvara/index.{html} /groups/morellic/sarvara/
/private/cosmology-old/celestial-beings/the-judges/index.{html} /private/cosmology-old/celestial-beings/the-judges/
/private/cosmology-old/darkness/index.{html} /private/cosmology-old/darkness/
/private/writing/notes-on-the-plot/index.{html} /private/writing/notes-on-the-plot/
/flora/dhajar/index.{html} /flora/dhajar/
/flora/creepvine/index.{html} /flora/creepvine/
/private/fauna-old/dragons/index.{html} /private/fauna-old/dragons/
/private/fauna-old/great-bees/index.{html} /private/fauna-old/great-bees/
/private/fauna-old/silkworms/index.{html} /private/fauna-old/silkworms/
/private/fauna-old/slugfolk/index.{html} /private/fauna-old/slugfolk/
/private/fauna-old/woolly-hogs/index.{html} /private/fauna-old/woolly-hogs/
/private/writing/drafts/draft-2/index.{html} /private/writing/drafts/draft-2/
/cosmology/alucinara/index.{html} /cosmology/alucinara/
/locations/qherelh/index.{html} /locations/qherelh/
/private/fauna-old/weasels/index.{html} /private/fauna-old/weasels/
/private/fauna-old/widrens/index.{html} /private/fauna-old/widrens/
/private/fauna-old/wildcats/index.{html} /private/fauna-old/wildcats/
/private/fauna-old/wolfrats/index.{html} /private/fauna-old/wolfrats/
/conditions/sharadism/index.{html} /conditions/sharadism/
/characters/coriandra-i/index.{html} /characters/coriandra-i/
/cosmology/deities/the-petrified-child/index.{html} /cosmology/deities/the-petrified-child/
/cosmology/life/index.{html} /cosmology/life/
/flora/glara/index.{html} /flora/glara/
/flora/sweetrice/index.{html} /flora/sweetrice/
/private/factions-old/morellic/index.{html} /private/factions-old/morellic/
/private/fauna-old/pringis/index.{html} /private/fauna-old/pringis/
/cosmology/darkness/index.{html} /cosmology/darkness/
/private/fauna-old/yurikhs/index.{html} /private/fauna-old/yurikhs/
/private/writing/sarvaran-epic-narrative/index.{html} /private/writing/sarvaran-epic-narrative/
/phenomena/soulstone/index.{html} /phenomena/soulstone/
/flora/ribwood/index.{html} /flora/ribwood/
/groups/morellic/sarvara/old-sarvaran-logography/index.{html} /groups/morellic/sarvara/old-sarvaran-logography/
/phenomena/gateways/index.{html} /phenomena/gateways/
/phenomena/watchstones/index.{html} /phenomena/watchstones/
/private/cosmology-old/the-realms/index.{html} /private/cosmology-old/the-realms/
/private/fauna-old/flying-squirrels/index.{html} /private/fauna-old/flying-squirrels/
/private/writing/sarvaran-love-story/index.{html} /private/writing/sarvaran-love-story/
/cosmology/gateway/index.{html} /cosmology/gateway/
/writing/the-sharadith/index.{html} /writing/the-sharadith/
/locations/sarvaran-river-basin/index.{html} /locations/sarvaran-river-basin/
/phenomena/cloud-gnats/index.{html} /phenomena/cloud-gnats/
/flora/baura/index.{html} /flora/baura/
/private/fauna-old/giant-snails/index.{html} /private/fauna-old/giant-snails/
/private/showcase-video-scripts/i.-the-realms/index.{html} /private/showcase-video-scripts/i.-the-realms/
/writing/the-sun-grows-dark/index.{html} /writing/the-sun-grows-dark/
/private/fauna-old/bushdeer/index.{html} /private/fauna-old/bushdeer/
/flora/lunaflower/index.{html} /flora/lunaflower/
/flora/lunuth/index.{html} /flora/lunuth/
/flora/sarkitwara/index.{html} /flora/sarkitwara/
/groups/morellic/morellic-migration/index.{html} /groups/morellic/morellic-migration/
/locations/2nd-realm/index.{html} /locations/2nd-realm/
/private/cosmology-old/celestial-beings/the-petrified-child/index.{html} /private/cosmology-old/celestial-beings/the-petrified-child/
/private/factions-old/diira/index.{html} /private/factions-old/diira/
/flora/canara/index.{html} /flora/canara/
/private/writing/drafts/draft-1/index.{html} /private/writing/drafts/draft-1/
/private/cosmology-old/alucinara/index.{html} /private/cosmology-old/alucinara/
/private/factions-old/sarvara/index.{html} /private/factions-old/sarvara/
/groups/morellic/index.{html} /groups/morellic/
/flora/elkwort/index.{html} /flora/elkwort/
/funga/dukura/index.{html} /funga/dukura/
/funga/shiri/index.{html} /funga/shiri/
/locations/tseireph/index.{html} /locations/tseireph/
/private/fauna-old/wallabies/index.{html} /private/fauna-old/wallabies/
/fauna/minikin/index.{html} /fauna/minikin/
/conditions/phantasmarrhoea/index.{html} /conditions/phantasmarrhoea/
/cosmology/dreamscape/index.{html} /cosmology/dreamscape/
/fauna/woolly-hogs/index.{html} /fauna/woolly-hogs/
/flora/-cotton/index.{html} /flora/-cotton/
/private/fauna-old/treemice/index.{html} /private/fauna-old/treemice/
/index.html /
/private/cosmology-old/celestial-beings/the-angels/index.{html} /private/cosmology-old/celestial-beings/the-angels/
/private/factions-old/aqhor/index.{html} /private/factions-old/aqhor/
/writing/untitled-note/index.{html} /writing/untitled-note/
/groups/nethic/diira/index.{html} /groups/nethic/diira/
/private/writing/morellic-creation-story/index.{html} /private/writing/morellic-creation-story/
/private/writing/translations/the-north-wind-and-the-sun/index.{html} /private/writing/translations/the-north-wind-and-the-sun/
/conditions/sorcerism/index.{html} /conditions/sorcerism/
